Chave_Mensal,Ano,Mes,Preco_Real,Chuva_mm
2006-03,2006,03,27.79,257.0
2006-04,2006,04,27.02,134.4
2006-05,2006,05,28.68,63.9
2006-06,2006,06,29.41,0.0
2006-07,2006,07,29.6,0.0
2006-08,2006,08,28.91,2.0
2006-09,2006,09,29.1,22.0
2006-10,2006,10,32.13,158.5
2006-11,2006,11,34.37,145.4
2006-12,2006,12,33.31,155.2
2007-01,2007,01,33.68,67.9
2007-02,2007,02,34.71,310.7
2007-03,2007,03,34.01,40.9
2007-04,2007,04,31.96,17.4
2007-05,2007,05,32.12,12.7
2007-06,2007,06,32.94,0.0
2007-07,2007,07,33.65,0.0
2007-08,2007,08,37.11,0.0
2007-09,2007,09,41.3,0.0
2007-10,2007,10,42.2,21.5
2007-11,2007,11,42.96,98.2
2007-12,2007,12,44.03,123.1
2008-01,2008,01,47.93,215.9
2008-02,2008,02,49.99,152.2
2008-03,2008,03,48.06,299.3
2008-04,2008,04,46.72,141.3
2008-05,2008,05,46.65,7.4
2008-06,2008,06,52.35,0.0
2008-07,2008,07,52.96,0.0
2008-08,2008,08,46.84,0.0
2008-09,2008,09,48.14,9.6
2008-10,2008,10,46.65,2.3
2008-11,2008,11,47.32,121.6
2008-12,2008,12,46.73,202.4
2009-01,2009,01,51.02,138.3
2009-02,2009,02,49.24,72.3
2009-03,2009,03,47.67,127.0
2009-04,2009,04,50.16,218.8
2009-05,2009,05,52.78,56.8
2009-06,2009,06,52.37,59.0
2009-07,2009,07,49.94,0.0
2009-08,2009,08,50.06,0.0
2009-09,2009,09,46.27,5.7
2010-07,2010,07,41.37,0.2
2010-08,2010,08,43.83,0.0
2010-09,2010,09,44.75,0.0
2010-10,2010,10,45.72,105.4
2010-11,2010,11,49.17,145.1
2010-12,2010,12,49.59,233.1
2011-01,2011,01,50.78,193.0
2011-02,2011,02,51.39,138.1
2011-03,2011,03,49.54,191.4
2011-04,2011,04,47.19,26.5
2011-05,2011,05,47.83,1.7
2011-06,2011,06,47.88,0.0
2011-07,2011,07,48.5,0.0
2011-08,2011,08,49.38,0.0
2011-09,2011,09,51.94,0.0
2011-10,2011,10,48.47,181.0
2011-11,2011,11,47.74,206.5
2011-12,2011,12,47.7,226.1
2012-01,2012,01,49.55,110.6
2012-02,2012,02,49.32,64.9
2012-03,2012,03,54.93,46.7
2012-04,2012,04,60.35,3.8
2012-05,2012,05,63.79,5.8
2012-06,2012,06,68.05,1.1
2012-07,2012,07,79.36,0.0
2012-08,2012,08,85.58,0.0
2012-09,2012,09,86.82,0.2
2012-10,2012,10,75.73,15.3
2012-11,2012,11,75.73,298.9
2012-12,2012,12,75.73,35.2
2013-01,2013,01,71.99,341.9
2013-02,2013,02,64.01,54.7
2013-03,2013,03,61.84,87.8
2013-04,2013,04,59.45,68.3
2013-05,2013,05,61.89,2.7
2013-06,2013,06,68.72,0.3
2013-07,2013,07,69.32,0.0
2013-08,2013,08,69.88,0.0
2013-09,2013,09,73.47,6.0
2013-10,2013,10,73.84,43.6
2013-11,2013,11,76.35,188.7
2013-12,2013,12,77.25,255.9
2014-01,2014,01,72.29,29.3
2014-02,2014,02,69.71,115.5
2014-03,2014,03,72.27,92.4
2014-04,2014,04,71.11,98.1
2014-05,2014,05,70.74,1.3
2014-06,2014,06,70.86,0.0
2014-07,2014,07,67.3,0.0
2014-08,2014,08,67.11,0.0
2014-09,2014,09,63.06,43.7
2014-11,2014,11,61.17,153.9
2014-12,2014,12,61.17,290.5
2015-01,2015,01,61.14,203.5
2015-02,2015,02,63.72,132.7
2015-03,2015,03,67.9,128.8
2015-04,2015,04,69.53,147.7
2015-05,2015,05,66.61,15.4
2015-06,2015,06,67.88,0.0
2015-07,2015,07,72.89,0.0
2015-08,2015,08,77.33,0.0
2015-09,2015,09,81.35,9.9
2015-10,2015,10,81.98,13.2
2015-11,2015,11,79.97,129.1
2015-12,2015,12,80.76,30.5
2016-01,2016,01,82.75,593.1
2016-02,2016,02,77.83,9.8
2016-03,2016,03,74.53,81.1
2016-05,2016,05,86.43,2.8
2016-06,2016,06,95.19,2.4
2016-07,2016,07,87.46,0.0
2016-08,2016,08,81.69,0.0
2016-09,2016,09,79.5,15.5
2016-10,2016,10,76.7,95.8
2016-11,2016,11,78.27,120.1
2016-12,2016,12,78.43,106.3
2017-01,2017,01,76.03,19.5
2017-02,2017,02,73.86,236.9
2017-03,2017,03,70.01,138.1
2017-04,2017,04,65.82,56.0
2017-05,2017,05,68.94,2.8
2017-06,2017,06,68.95,0.0
2017-07,2017,07,72.24,0.0
2017-08,2017,08,69.83,0.0
2017-09,2017,09,70.41,26.7
2017-10,2017,10,71.47,29.0
2017-11,2017,11,73.87,87.1
2018-01,2018,01,71.83,95.8
2018-02,2018,02,74.72,243.6
2018-03,2018,03,79.39,200.4
2018-04,2018,04,85.53,60.9
2018-05,2018,05,86.12,0.0
2018-06,2018,06,84.83,0.0
2018-07,2018,07,88.29,0.0
2018-08,2018,08,89.91,0.0
2018-09,2018,09,95.48,7.6
2018-10,2018,10,90.53,44.5
2018-11,2018,11,84.16,172.7
2019-01,2019,01,76.89,42.3
2019-02,2019,02,77.73,160.1
2019-03,2019,03,78.27,281.0
2019-04,2019,04,76.56,62.0
2019-05,2019,05,78.36,42.6
2019-06,2019,06,81.9,0.0
2019-07,2019,07,78.82,0.0
2019-08,2019,08,85.08,0.0
2019-09,2019,09,86.5,0.0
2019-10,2019,10,88.25,39.3
2019-11,2019,11,89.87,101.6
2020-01,2020,01,87.39,229.4
2020-02,2020,02,87.61,187.5
2020-03,2020,03,94.97,271.8
2020-04,2020,04,102.3,139.6
2020-05,2020,05,110.41,23.4
2020-06,2020,06,109.76,0.0
2020-07,2020,07,116.05,0.0
2020-08,2020,08,128.59,0.0
2020-09,2020,09,141.2,8.4
2020-10,2020,10,159.64,29.9
2020-11,2020,11,164.99,218.4
2020-12,2020,12,152.56,163.0
2021-01,2021,01,167.87,103.0
2021-02,2021,02,166.38,250.4
2021-03,2021,03,171.87,33.7
2021-04,2021,04,177.1,183.0
2021-05,2021,05,176.39,0.0
2021-06,2021,06,162.08,0.0
2021-07,2021,07,167.6,0.0
2021-08,2021,08,171.06,0.0
2021-09,2021,09,172.73,3.2
2021-10,2021,10,171.17,85.7
2021-11,2021,11,165.79,188.8
2021-12,2021,12,170.25,548.3
2022-01,2022,01,179.67,279.3
2022-02,2022,02,195.02,130.0
2022-03,2022,03,199.6,85.0
2022-04,2022,04,186.36,20.4
2022-05,2022,05,193.38,0.0
2022-06,2022,06,194.97,0.0
2022-07,2022,07,190.74,0.0
2022-08,2022,08,187.18,0.0
2022-09,2022,09,187.26,38.7
2022-10,2022,10,183.73,32.8
2022-11,2022,11,186.13,471.4
2023-01,2023,01,177.03,226.5
2023-02,2023,02,172.61,8.0
2023-03,2023,03,162.12,126.9
2023-04,2023,04,145.24,53.1
2023-05,2023,05,138.11,0.0
2023-06,2023,06,136.45,0.0
2023-07,2023,07,146.84,0.0
2023-08,2023,08,148.55,1.0
2023-09,2023,09,147.19,11.5
2023-10,2023,10,144.09,27.5
2023-11,2023,11,144.04,64.4
2024-01,2024,01,126.93,366.6
2024-02,2024,02,117.64,328.1
2024-03,2024,03,121.91,42.0
2024-04,2024,04,126.79,102.9
2024-05,2024,05,136.0,0.0
2024-06,2024,06,138.92,0.0
2024-07,2024,07,138.09,0.0
2024-08,2024,08,133.21,0.0
2024-09,2024,09,139.9,0.0
2024-10,2024,10,141.83,68.2
2024-11,2024,11,143.41,219.6
2024-12,2024,12,141.17,67.3
