Mesorregião Geográfica,Ano,Quantidade produzida,Rendimento médio da produção,Valor da produção,Área colhida,Área plantada ou destinada à colheita
Centro Norte Baiano (BA),2000,,,374882.0,827847.0,835013.0
Centro Norte Baiano (BA),2001,,,283766.0,617746.0,724648.0
Centro Norte Baiano (BA),2002,,,416136.0,637660.0,788450.0
Centro Norte Baiano (BA),2003,,,543622.0,679556.0,881265.0
Centro Norte Baiano (BA),2004,,,621522.0,770491.0,917083.0
Centro Norte Baiano (BA),2005,,,533873.0,832976.0,968304.0
Centro Norte Baiano (BA),2006,,,499861.0,662606.0,860365.0
Centro Norte Baiano (BA),2007,,,606939.0,680319.0,883821.0
Centro Norte Baiano (BA),2008,,,671768.0,617720.0,815505.0
Centro Norte Baiano (BA),2009,,,672271.0,573749.0,765797.0
Centro Norte Baiano (BA),2010,,,866992.0,604037.0,701382.0
Centro Norte Baiano (BA),2011,,,870820.0,629093.0,706913.0
Centro Norte Baiano (BA),2012,,,439997.0,275604.0,418993.0
Centro Norte Baiano (BA),2013,,,468050.0,284521.0,437342.0
Centro Norte Baiano (BA),2014,,,662136.0,329410.0,557871.0
Centro Norte Baiano (BA),2015,,,815669.0,470367.0,562337.0
Centro Norte Baiano (BA),2016,,,811035.0,291167.0,361975.0
Centro Norte Baiano (BA),2017,48.0,2400.0,529542.0,178464.0,306386.0
Centro Norte Baiano (BA),2018,48.0,2400.0,581070.0,249052.0,270411.0
Centro Norte Baiano (BA),2019,48.0,2400.0,706326.0,216285.0,275508.0
Centro Norte Baiano (BA),2020,65.0,2600.0,1006377.0,259717.0,264268.0
Centro Norte Baiano (BA),2021,48.0,2400.0,1165845.0,248901.0,261782.0
Centro Norte Baiano (BA),2022,64.0,2462.0,1439465.0,264484.0,273165.0
Centro Norte Baiano (BA),2023,71.0,2536.0,1358997.0,265569.0,279567.0
Centro Norte Baiano (BA),2024,71.0,2367.0,1468227.0,267017.0,276105.0
Centro Sul Baiano (BA),2000,,,530479.0,499165.0,513250.0
Centro Sul Baiano (BA),2001,,,552286.0,477168.0,511912.0
Centro Sul Baiano (BA),2002,,,948250.0,539713.0,544649.0
Centro Sul Baiano (BA),2003,,,931020.0,531614.0,542324.0
Centro Sul Baiano (BA),2004,,,1004530.0,512335.0,536590.0
Centro Sul Baiano (BA),2005,,,928841.0,522341.0,532405.0
Centro Sul Baiano (BA),2006,,,1126264.0,504176.0,551107.0
Centro Sul Baiano (BA),2007,,,1402762.0,527052.0,558910.0
Centro Sul Baiano (BA),2008,,,1431373.0,501986.0,555201.0
Centro Sul Baiano (BA),2009,,,1600760.0,553071.0,566303.0
Centro Sul Baiano (BA),2010,,,1613532.0,546762.0,573464.0
Centro Sul Baiano (BA),2011,,,2030069.0,582921.0,594102.0
Centro Sul Baiano (BA),2012,,,1385087.0,437584.0,570151.0
Centro Sul Baiano (BA),2013,,,1649758.0,522779.0,587754.0
Centro Sul Baiano (BA),2014,,,2153391.0,536090.0,588546.0
Centro Sul Baiano (BA),2015,,,2366211.0,507984.0,542215.0
Centro Sul Baiano (BA),2016,,,2376219.0,440518.0,481694.0
Centro Sul Baiano (BA),2017,1287.0,1965.0,1715664.0,335031.0,368478.0
Centro Sul Baiano (BA),2018,1310.0,2000.0,1926185.0,313901.0,323428.0
Centro Sul Baiano (BA),2019,2300.0,3511.0,2198992.0,302496.0,322821.0
Centro Sul Baiano (BA),2020,1800.0,3000.0,3043400.0,315652.0,329059.0
Centro Sul Baiano (BA),2021,5309.0,3733.0,3510089.0,332056.0,335587.0
Centro Sul Baiano (BA),2022,5142.0,3470.0,3763351.0,333703.0,335538.0
Centro Sul Baiano (BA),2023,9059.0,3393.0,4242776.0,345707.0,349657.0
Centro Sul Baiano (BA),2024,11681.0,3283.0,6090126.0,346125.0,350965.0
Extremo Oeste Baiano (BA),2000,1508115.0,2400.0,934830.0,994559.0,1000618.0
Extremo Oeste Baiano (BA),2001,1407600.0,2040.0,1004551.0,1069173.0,1075702.0
Extremo Oeste Baiano (BA),2002,1464000.0,1830.0,1549508.0,1138187.0,1142140.0
Extremo Oeste Baiano (BA),2003,1555500.0,1830.0,2080394.0,1240873.0,1241632.0
Extremo Oeste Baiano (BA),2004,2364480.0,2880.0,3115726.0,1347241.0,1348703.0
Extremo Oeste Baiano (BA),2005,2393472.0,2760.0,2462296.0,1405503.0,1406387.0
Extremo Oeste Baiano (BA),2006,1983600.0,2280.0,2007236.0,1383294.0,1391218.0
Extremo Oeste Baiano (BA),2007,2295000.0,2700.0,2964976.0,1452669.0,1457265.0
Extremo Oeste Baiano (BA),2008,2742722.0,3035.0,4023974.0,1568359.0,1583205.0
Extremo Oeste Baiano (BA),2009,2418672.0,2549.0,3378381.0,1591110.0,1591110.0
Extremo Oeste Baiano (BA),2010,3105339.0,3059.0,3598670.0,1619930.0,1619930.0
Extremo Oeste Baiano (BA),2011,3504612.0,3359.0,5611262.0,1755101.0,1755101.0
Extremo Oeste Baiano (BA),2012,3205298.0,2887.0,6811319.0,1880433.0,1881581.0
Extremo Oeste Baiano (BA),2013,2758533.0,2281.0,5765905.0,1833150.0,1837980.0
Extremo Oeste Baiano (BA),2014,3200364.0,2511.0,7705663.0,2117477.0,2123881.0
Extremo Oeste Baiano (BA),2015,4503833.0,3133.0,7581533.0,2220053.0,2234663.0
Extremo Oeste Baiano (BA),2016,3248119.0,2117.0,6843276.0,2132261.0,2132263.0
Extremo Oeste Baiano (BA),2017,5139091.0,3249.0,8345312.0,2169286.0,2169300.0
Extremo Oeste Baiano (BA),2018,6305784.0,3938.0,12317283.0,2260647.0,2262610.0
Extremo Oeste Baiano (BA),2019,5307866.0,3359.0,11016904.0,2295189.0,2301745.0
Extremo Oeste Baiano (BA),2020,6058595.0,3746.0,16809335.0,2275160.0,2276072.0
Extremo Oeste Baiano (BA),2021,6814574.0,4023.0,24385369.0,2315076.0,2317868.0
Extremo Oeste Baiano (BA),2022,6932237.0,3920.0,30732957.0,2434165.0,2434706.0
Extremo Oeste Baiano (BA),2023,7749176.0,4044.0,27541587.0,2592297.0,2593037.0
Extremo Oeste Baiano (BA),2024,7638442.0,3895.0,23456572.0,2613990.0,2615010.0
Metropolitana de Salvador (BA),2000,,,121182.0,93853.0,93853.0
Metropolitana de Salvador (BA),2001,,,119536.0,90209.0,90209.0
Metropolitana de Salvador (BA),2002,,,165807.0,84185.0,84511.0
Metropolitana de Salvador (BA),2003,,,205685.0,84904.0,84904.0
Metropolitana de Salvador (BA),2004,,,212981.0,85737.0,86348.0
Metropolitana de Salvador (BA),2005,,,211555.0,87980.0,88239.0
Metropolitana de Salvador (BA),2006,,,225744.0,86966.0,90984.0
Metropolitana de Salvador (BA),2007,,,250870.0,87720.0,89588.0
Metropolitana de Salvador (BA),2008,,,258434.0,84004.0,92072.0
Metropolitana de Salvador (BA),2009,,,208521.0,72354.0,72464.0
Metropolitana de Salvador (BA),2010,,,236147.0,75092.0,75092.0
Metropolitana de Salvador (BA),2011,,,250192.0,79202.0,79202.0
Metropolitana de Salvador (BA),2012,,,301872.0,78371.0,78371.0
Metropolitana de Salvador (BA),2013,,,315377.0,77528.0,77528.0
Metropolitana de Salvador (BA),2014,,,328142.0,80656.0,80756.0
Metropolitana de Salvador (BA),2015,,,314741.0,73181.0,73181.0
Metropolitana de Salvador (BA),2016,,,355398.0,68949.0,69105.0
Metropolitana de Salvador (BA),2017,,,182407.0,43590.0,44447.0
Metropolitana de Salvador (BA),2018,,,164946.0,40143.0,40143.0
Metropolitana de Salvador (BA),2019,,,176587.0,40471.0,40471.0
Metropolitana de Salvador (BA),2020,,,177246.0,39835.0,39835.0
Metropolitana de Salvador (BA),2021,,,197103.0,40159.0,40159.0
Metropolitana de Salvador (BA),2022,,,228288.0,40864.0,40864.0
Metropolitana de Salvador (BA),2023,,,269137.0,40195.0,40195.0
Metropolitana de Salvador (BA),2024,,,371730.0,40421.0,40421.0
Nordeste Baiano (BA),2000,,,319406.0,770183.0,780423.0
Nordeste Baiano (BA),2001,,,303964.0,605415.0,737865.0
Nordeste Baiano (BA),2002,,,582968.0,681118.0,820898.0
Nordeste Baiano (BA),2003,,,638354.0,811288.0,816165.0
Nordeste Baiano (BA),2004,,,614087.0,853567.0,889361.0
Nordeste Baiano (BA),2005,,,662001.0,893680.0,896694.0
Nordeste Baiano (BA),2006,,,677766.0,919347.0,941059.0
Nordeste Baiano (BA),2007,,,1005661.0,800724.0,831972.0
Nordeste Baiano (BA),2008,,,902984.0,800662.0,819941.0
Nordeste Baiano (BA),2009,,,901190.0,816179.0,820193.0
Nordeste Baiano (BA),2010,,,1117882.0,793248.0,793248.0
Nordeste Baiano (BA),2011,,,798266.0,574529.0,798504.0
Nordeste Baiano (BA),2012,,,611753.0,380259.0,491823.0
Nordeste Baiano (BA),2013,,,1048795.0,560197.0,632785.0
Nordeste Baiano (BA),2014,,,971576.0,574966.0,601005.0
Nordeste Baiano (BA),2015,,,1369024.0,614010.0,644737.0
Nordeste Baiano (BA),2016,,,1082632.0,435457.0,568614.0
Nordeste Baiano (BA),2017,,,945297.0,386516.0,450059.0
Nordeste Baiano (BA),2018,175.0,2500.0,836803.0,409228.0,527221.0
Nordeste Baiano (BA),2019,210.0,3000.0,1151010.0,471743.0,486929.0
Nordeste Baiano (BA),2020,150.0,3000.0,1855565.0,524210.0,534939.0
Nordeste Baiano (BA),2021,173.0,3145.0,1767500.0,499591.0,530367.0
Nordeste Baiano (BA),2022,151.0,2849.0,2404659.0,557796.0,569816.0
Nordeste Baiano (BA),2023,171.0,2948.0,1878708.0,559791.0,593516.0
Nordeste Baiano (BA),2024,175.0,2917.0,2109680.0,504949.0,554546.0
Sul Baiano (BA),2000,,,684431.0,772407.0,776330.0
Sul Baiano (BA),2001,,,864142.0,737606.0,741948.0
Sul Baiano (BA),2002,,,1468946.0,647696.0,741571.0
Sul Baiano (BA),2003,,,1273673.0,651092.0,654648.0
Sul Baiano (BA),2004,,,1434869.0,714057.0,738598.0
Sul Baiano (BA),2005,,,1186233.0,724855.0,768220.0
Sul Baiano (BA),2006,,,1387199.0,768834.0,822063.0
Sul Baiano (BA),2007,,,1533116.0,763154.0,804261.0
Sul Baiano (BA),2008,,,1832366.0,770094.0,812603.0
Sul Baiano (BA),2009,,,2103046.0,732537.0,763251.0
Sul Baiano (BA),2010,,,2285313.0,746403.0,746403.0
Sul Baiano (BA),2011,,,2488943.0,776332.0,776332.0
Sul Baiano (BA),2012,,,2360187.0,771490.0,771974.0
Sul Baiano (BA),2013,,,2421739.0,780556.0,780591.0
Sul Baiano (BA),2014,,,2683599.0,772824.0,773992.0
Sul Baiano (BA),2015,,,3075391.0,769671.0,778443.0
Sul Baiano (BA),2016,,,3122758.0,766574.0,774050.0
Sul Baiano (BA),2017,,,2422058.0,592984.0,593015.0
Sul Baiano (BA),2018,,,2587500.0,578318.0,578323.0
Sul Baiano (BA),2019,,,2481163.0,565222.0,565538.0
Sul Baiano (BA),2020,,,2890559.0,559359.0,559369.0
Sul Baiano (BA),2021,,,4349148.0,568434.0,568479.0
Sul Baiano (BA),2022,,,5156435.0,575348.0,575648.0
Sul Baiano (BA),2023,,,5335984.0,579598.0,579635.0
Sul Baiano (BA),2024,,,9672858.0,579019.0,579165.0
Vale São-Franciscano da Bahia (BA),2000,,,303425.0,174006.0,175912.0
Vale São-Franciscano da Bahia (BA),2001,,,302146.0,130441.0,177359.0
Vale São-Franciscano da Bahia (BA),2002,,,901506.0,191121.0,194396.0
Vale São-Franciscano da Bahia (BA),2003,,,541814.0,164634.0,171697.0
Vale São-Franciscano da Bahia (BA),2004,810.0,3000.0,574799.0,152017.0,154547.0
Vale São-Franciscano da Bahia (BA),2005,8400.0,3000.0,621255.0,160287.0,173350.0
Vale São-Franciscano da Bahia (BA),2006,7800.0,3000.0,926062.0,177753.0,182227.0
Vale São-Franciscano da Bahia (BA),2007,3000.0,3000.0,1092251.0,177173.0,182371.0
Vale São-Franciscano da Bahia (BA),2008,4912.0,3035.0,979844.0,174086.0,181531.0
Vale São-Franciscano da Bahia (BA),2009,7626.0,3149.0,943648.0,193952.0,196110.0
Vale São-Franciscano da Bahia (BA),2010,7590.0,3300.0,874498.0,161103.0,182461.0
Vale São-Franciscano da Bahia (BA),2011,7956.0,3900.0,800543.0,174832.0,194078.0
Vale São-Franciscano da Bahia (BA),2012,7491.0,3033.0,733630.0,149576.0,184451.0
Vale São-Franciscano da Bahia (BA),2013,7000.0,3500.0,694340.0,139864.0,161137.0
Vale São-Franciscano da Bahia (BA),2014,6000.0,3000.0,1664692.0,167727.0,176169.0
Vale São-Franciscano da Bahia (BA),2015,9800.0,4000.0,1015756.0,190886.0,196837.0
Vale São-Franciscano da Bahia (BA),2016,9000.0,3673.0,1198868.0,180880.0,186799.0
Vale São-Franciscano da Bahia (BA),2017,3473.0,2605.0,1297595.0,118991.0,143839.0
Vale São-Franciscano da Bahia (BA),2018,3463.0,3148.0,1246439.0,125713.0,125748.0
Vale São-Franciscano da Bahia (BA),2019,19270.0,3858.0,1655753.0,121377.0,129247.0
Vale São-Franciscano da Bahia (BA),2020,17400.0,3742.0,1856423.0,120362.0,135865.0
Vale São-Franciscano da Bahia (BA),2021,19451.0,4244.0,2283599.0,142150.0,145882.0
Vale São-Franciscano da Bahia (BA),2022,20603.0,4228.0,2369662.0,133750.0,147790.0
Vale São-Franciscano da Bahia (BA),2023,18083.0,3745.0,3061952.0,139652.0,154696.0
Vale São-Franciscano da Bahia (BA),2024,17926.0,3728.0,4177547.0,146812.0,159273.0
